image,pellet_id,x_px,y_px,width_mm,width_max_mm,px_per_mm
IMG_0225.CR2,1,4274.1,536.6,4.271,4.277,16.779
IMG_0225.CR2,2,3880.9,592.6,2.588,2.633,16.779
IMG_0225.CR2,3,2780.7,628.5,3.414,4.074,16.779
IMG_0225.CR2,4,3742.2,680.7,3.654,3.812,16.779
IMG_0225.CR2,5,2855.9,700.3,4.481,4.45,16.779
IMG_0225.CR2,6,4576.8,729.1,3.563,4.06,16.779
IMG_0225.CR2,7,4295.7,738.3,4.1,4.937,16.779
IMG_0225.CR2,8,3536.7,841.0,10.194,10.55,16.779
IMG_0225.CR2,9,3952.5,856.7,4.353,4.431,16.779
IMG_0225.CR2,10,2620.5,851.9,3.957,4.012,16.779
IMG_0225.CR2,11,4634.3,868.7,2.82,2.936,16.779
IMG_0225.CR2,12,2986.2,864.4,3.589,3.878,16.779
IMG_0225.CR2,13,4117.7,894.8,3.569,3.66,16.779
IMG_0225.CR2,14,4845.1,924.4,4.572,4.569,16.779
IMG_0225.CR2,15,2601.0,930.4,4.043,4.63,16.779
IMG_0225.CR2,16,4665.6,946.7,6.052,6.51,16.779
IMG_0225.CR2,17,5275.8,942.2,8.08,7.891,16.779
IMG_0225.CR2,18,3360.9,965.5,3.863,3.886,16.779
IMG_0225.CR2,19,2487.9,977.5,3.576,3.558,16.779
IMG_0225.CR2,20,5000.2,993.5,3.472,3.445,16.779
IMG_0225.CR2,21,5171.3,1002.2,3.638,3.757,16.779
IMG_0225.CR2,22,3256.0,1024.4,3.616,3.586,16.779
IMG_0225.CR2,23,4829.2,1028.9,4.218,4.193,16.779
IMG_0225.CR2,24,3081.4,1018.3,3.864,4.14,16.779
IMG_0225.CR2,25,2716.4,1028.4,12.155,13.672,16.779
IMG_0225.CR2,26,3710.5,1071.1,3.871,3.846,16.779
IMG_0225.CR2,27,2967.7,1104.0,4.612,4.557,16.779
IMG_0225.CR2,28,4689.5,1151.7,13.597,16.398,16.779
IMG_0225.CR2,29,4400.3,1126.9,1.836,1.916,16.779
IMG_0225.CR2,30,3376.6,1155.7,5.177,7.07,16.779
IMG_0225.CR2,31,3826.1,1189.9,3.588,3.822,16.779
IMG_0225.CR2,32,3584.0,1166.5,4.06,4.859,16.779
IMG_0225.CR2,33,3495.3,1202.4,4.358,4.4,16.779
IMG_0225.CR2,34,2710.8,1208.0,4.81,4.792,16.779
IMG_0225.CR2,35,5034.2,1219.7,4.695,4.63,16.779
IMG_0225.CR2,36,2914.9,1252.9,2.589,2.715,16.779
IMG_0225.CR2,37,3774.9,1281.8,4.983,7.898,16.779
IMG_0225.CR2,38,4522.5,1298.2,2.836,2.861,16.779
IMG_0225.CR2,39,2654.9,1321.1,3.718,3.793,16.779
IMG_0225.CR2,40,3040.9,1337.1,3.392,3.516,16.779
IMG_0225.CR2,41,2841.4,1351.0,4.636,4.623,16.779
IMG_0225.CR2,42,4188.0,1355.9,3.471,3.578,16.779
IMG_0225.CR2,43,3131.1,1392.2,2.316,2.329,16.779
IMG_0225.CR2,44,3515.9,1422.0,3.655,8.036,16.779
IMG_0225.CR2,45,4467.0,1463.9,3.118,3.3,16.779
IMG_0225.CR2,46,2750.0,1458.8,7.902,7.83,16.779
IMG_0225.CR2,47,3257.9,1465.3,3.395,3.473,16.779
IMG_0225.CR2,48,3424.3,1469.4,3.82,3.812,16.779
IMG_0225.CR2,49,2607.2,1534.5,6.276,6.961,16.779
IMG_0225.CR2,50,3538.9,1526.9,2.807,3.066,16.779
IMG_0225.CR2,51,3857.2,1542.7,4.063,7.462,16.779
IMG_0225.CR2,52,4576.8,1535.6,3.567,3.617,16.779
IMG_0225.CR2,53,4060.0,1569.0,3.471,3.738,16.779
IMG_0225.CR2,54,1716.5,1575.6,4.836,4.858,16.779
IMG_0225.CR2,55,2690.5,1605.4,3.577,3.815,16.779
IMG_0225.CR2,56,4596.5,1616.6,3.583,3.95,16.779
IMG_0225.CR2,57,2458.6,1649.9,3.679,3.889,16.779
IMG_0225.CR2,58,3557.6,1643.1,3.948,3.963,16.779
IMG_0225.CR2,59,1763.0,1681.5,3.996,4.035,16.779
IMG_0225.CR2,60,3765.6,1664.1,3.814,3.933,16.779
IMG_0225.CR2,61,4735.9,1671.9,7.427,7.713,16.779
IMG_0225.CR2,62,5344.1,1693.2,5.692,5.715,16.779
IMG_0225.CR2,63,2556.2,1685.2,3.319,3.383,16.779
IMG_0225.CR2,64,2001.8,1702.1,1.476,1.476,16.779
IMG_0225.CR2,65,2662.1,1712.7,4.156,4.224,16.779
IMG_0225.CR2,66,3331.4,1745.7,4.698,4.676,16.779
IMG_0225.CR2,67,2345.5,1755.8,3.375,3.369,16.779
IMG_0225.CR2,68,1916.6,1754.3,2.512,2.744,16.779
IMG_0225.CR2,69,4060.5,1737.7,2.572,3.073,16.779
IMG_0225.CR2,70,4631.4,1762.5,3.567,3.557,16.779
IMG_0225.CR2,71,2476.4,1797.7,3.32,3.541,16.779
IMG_0225.CR2,72,1432.5,1817.7,4.029,4.149,16.779
IMG_0225.CR2,73,4338.7,1827.7,3.415,3.531,16.779
IMG_0225.CR2,74,3951.9,1842.9,3.54,3.762,16.779
IMG_0225.CR2,75,3036.3,1863.3,4.232,4.363,16.779
IMG_0225.CR2,76,2168.5,1867.7,7.739,9.137,16.779
IMG_0225.CR2,77,1546.7,1872.5,3.945,3.934,16.779
IMG_0225.CR2,78,4358.0,1921.5,6.21,6.297,16.779
IMG_0225.CR2,79,1366.4,1938.4,4.258,4.325,16.779
IMG_0225.CR2,80,3037.3,1951.2,4.773,4.828,16.779
IMG_0225.CR2,81,3684.0,1947.9,6.508,7.51,16.779
IMG_0225.CR2,82,3801.2,2015.2,3.313,3.381,16.779
IMG_0225.CR2,83,1430.4,2001.5,4.491,5.052,16.779
IMG_0225.CR2,84,2517.6,2011.4,2.991,3.099,16.779
IMG_0225.CR2,85,4509.0,2028.4,2.555,2.891,16.779
IMG_0225.CR2,86,4410.1,2077.7,4.121,4.237,16.779
IMG_0225.CR2,87,1351.1,2096.3,4.326,4.407,16.779
IMG_0225.CR2,88,1575.9,2146.9,3.69,3.723,16.779
IMG_0225.CR2,89,4682.9,2140.5,2.675,2.632,16.779
IMG_0225.CR2,90,3767.3,2156.3,5.598,5.554,16.779
IMG_0225.CR2,91,4114.2,2181.9,3.262,3.557,16.779
IMG_0225.CR2,92,4316.9,2177.8,3.767,4.038,16.779
IMG_0225.CR2,93,2748.5,2186.1,3.583,3.935,16.779
IMG_0225.CR2,94,2855.7,2194.6,3.036,3.057,16.779
IMG_0225.CR2,95,3917.3,2192.1,3.307,3.685,16.779
IMG_0225.CR2,96,3359.0,2230.7,3.653,3.802,16.779
IMG_0225.CR2,97,2054.7,2202.1,3.622,3.963,16.779
IMG_0225.CR2,98,1788.0,2225.6,3.09,3.179,16.779
IMG_0225.CR2,99,5121.4,2248.0,9.179,9.584,16.779
IMG_0225.CR2,100,2296.3,2226.4,4.588,4.555,16.779
IMG_0225.CR2,101,2002.2,2252.2,3.656,3.645,16.779
IMG_0225.CR2,102,1525.4,2248.7,4.616,4.618,16.779
IMG_0225.CR2,103,2571.4,2269.1,4.018,3.981,16.779
IMG_0225.CR2,104,2790.8,2279.7,4.757,5.466,16.779
IMG_0225.CR2,105,1338.3,2294.5,7.093,7.528,16.779
IMG_0225.CR2,106,3671.3,2273.4,4.411,4.411,16.779
IMG_0225.CR2,107,4353.0,2277.9,4.424,4.459,16.779
IMG_0225.CR2,108,4440.1,2328.7,4.394,4.47,16.779
IMG_0225.CR2,109,1869.6,2310.9,2.738,2.815,16.779
IMG_0225.CR2,110,1557.1,2322.3,3.529,3.567,16.779
IMG_0225.CR2,111,3069.9,2320.9,4.184,4.153,16.779
IMG_0225.CR2,112,2509.3,2342.9,5.318,7.9,16.779
IMG_0225.CR2,113,2332.7,2376.3,3.695,5.245,16.779
IMG_0225.CR2,114,3657.6,2384.4,4.126,4.411,16.779
IMG_0225.CR2,115,2090.5,2380.6,4.149,4.131,16.779
IMG_0225.CR2,116,2954.5,2378.2,3.471,4.179,16.779
IMG_0225.CR2,117,4973.9,2405.5,4.357,4.338,16.779
IMG_0225.CR2,118,4494.8,2409.4,3.636,3.685,16.779
IMG_0225.CR2,119,1632.7,2429.3,2.793,2.83,16.779
IMG_0225.CR2,120,3533.8,2453.1,6.34,6.383,16.779
IMG_0225.CR2,121,2071.9,2467.5,3.417,3.406,16.779
IMG_0225.CR2,122,3067.3,2468.4,4.283,4.342,16.779
IMG_0225.CR2,123,1941.4,2480.2,5.793,7.353,16.779
IMG_0225.CR2,124,2466.7,2489.0,3.979,3.979,16.779
IMG_0225.CR2,125,4666.0,2494.5,3.557,3.718,16.779
IMG_0225.CR2,126,4515.4,2509.3,3.457,3.624,16.779
IMG_0225.CR2,127,4343.0,2507.6,5.233,5.264,16.779
IMG_0225.CR2,128,5109.2,2523.7,5.242,4.887,16.779
IMG_0225.CR2,129,2180.0,2577.5,3.749,3.913,16.779
IMG_0225.CR2,130,4385.6,2655.1,3.172,3.346,16.779
IMG_0225.CR2,131,2835.6,2681.1,13.277,17.086,16.779
IMG_0225.CR2,132,2082.6,2695.6,3.593,3.614,16.779
IMG_0225.CR2,133,3274.4,2703.8,4.21,4.249,16.779
IMG_0225.CR2,134,2327.6,2710.4,3.607,3.6,16.779
IMG_0225.CR2,135,4778.3,2780.7,3.893,4.0,16.779
IMG_0225.CR2,136,4044.4,2778.2,4.022,4.137,16.779
IMG_0225.CR2,137,3175.3,2815.2,4.677,4.658,16.779
IMG_0225.CR2,138,4651.6,2825.7,3.432,3.685,16.779
IMG_0225.CR2,139,2575.2,2826.2,3.793,4.21,16.779
IMG_0225.CR2,140,3959.0,2869.7,3.504,3.461,16.779
IMG_0225.CR2,141,3322.8,2841.4,9.875,10.183,16.779
IMG_0225.CR2,142,3087.1,2937.5,3.339,3.508,16.779
IMG_0225.CR2,143,3066.5,3139.6,5.017,5.724,16.779
IMG_0225.CR2,144,3142.1,3283.9,3.799,3.945,16.779
IMG_0227.CR2,1,2577.2,434.2,3.846,3.951,16.779
IMG_0227.CR2,2,3061.6,496.0,5.21,7.929,16.779
IMG_0227.CR2,3,5347.5,495.7,4.539,4.64,16.779
IMG_0227.CR2,4,4706.1,645.0,2.397,3.719,16.779
IMG_0227.CR2,5,2863.0,706.9,3.732,3.861,16.779
IMG_0227.CR2,6,3796.0,757.1,5.101,5.16,16.779
IMG_0227.CR2,7,3661.8,796.8,8.839,11.308,16.779
IMG_0227.CR2,8,2248.3,840.3,3.446,3.531,16.779
IMG_0227.CR2,9,3390.0,847.2,8.125,8.09,16.779
IMG_0227.CR2,10,5311.6,846.8,5.229,5.682,16.779
IMG_0227.CR2,11,4450.2,886.6,3.998,4.038,16.779
IMG_0227.CR2,12,2447.4,894.0,3.961,3.928,16.779
IMG_0227.CR2,13,4038.5,890.6,3.911,4.398,16.779
IMG_0227.CR2,14,3491.8,947.5,4.645,4.591,16.779
IMG_0227.CR2,15,3262.5,952.6,1.775,1.964,16.779
IMG_0227.CR2,16,4637.2,956.4,4.285,4.433,16.779
IMG_0227.CR2,17,2882.9,991.1,3.993,3.993,16.779
IMG_0227.CR2,18,2431.2,1008.1,8.523,11.72,16.779
IMG_0227.CR2,19,5173.5,1042.2,5.644,7.999,16.779
IMG_0227.CR2,20,4180.9,1045.1,9.282,10.055,16.779
IMG_0227.CR2,21,2053.1,1071.9,2.946,2.99,16.779
IMG_0227.CR2,22,4391.7,1071.6,9.501,9.545,16.779
IMG_0227.CR2,23,3441.5,1102.9,4.224,4.518,16.779
IMG_0227.CR2,24,2996.3,1125.1,1.729,1.729,16.779
IMG_0227.CR2,25,3833.4,1121.2,1.138,1.265,16.779
IMG_0227.CR2,26,2822.6,1149.3,3.848,8.175,16.779
IMG_0227.CR2,27,4330.1,1198.4,4.259,4.686,16.779
IMG_0227.CR2,28,2620.9,1148.2,4.095,4.564,16.779
IMG_0227.CR2,29,4494.7,1176.6,3.661,3.811,16.779
IMG_0227.CR2,30,2101.2,1192.0,3.765,3.762,16.779
IMG_0227.CR2,31,4786.3,1207.4,7.319,8.955,16.779
IMG_0227.CR2,32,1979.7,1270.7,3.867,3.945,16.779
IMG_0227.CR2,33,3816.6,1282.6,3.446,3.658,16.779
IMG_0227.CR2,34,5039.9,1342.8,4.265,4.333,16.779
IMG_0227.CR2,35,4431.7,1347.3,4.29,4.604,16.779
IMG_0227.CR2,36,4105.7,1375.0,2.642,2.804,16.779
IMG_0227.CR2,37,4243.7,1408.0,4.069,4.123,16.779
IMG_0227.CR2,38,4378.0,1421.1,5.38,5.496,16.779
IMG_0227.CR2,39,2318.8,1410.2,4.503,4.52,16.779
IMG_0227.CR2,40,4803.2,1447.8,6.953,7.114,16.779
IMG_0227.CR2,41,2154.1,1444.6,3.471,3.616,16.779
IMG_0227.CR2,42,4057.4,1470.3,7.386,8.183,16.779
IMG_0227.CR2,43,5932.1,1465.9,4.442,4.544,16.779
IMG_0227.CR2,44,2777.0,1489.2,3.453,3.423,16.779
IMG_0227.CR2,45,2383.1,1505.6,4.12,4.174,16.779
IMG_0227.CR2,46,3844.9,1505.5,4.232,4.291,16.779
IMG_0227.CR2,47,5160.1,1508.0,4.325,4.443,16.779
IMG_0227.CR2,48,1702.6,1574.1,3.242,3.41,16.779
IMG_0227.CR2,49,3494.0,1635.9,3.904,3.963,16.779
IMG_0227.CR2,50,3859.6,1643.9,8.296,8.269,16.779
IMG_0227.CR2,51,3080.9,1671.7,4.031,4.006,16.779
IMG_0227.CR2,52,4011.0,1720.1,4.058,4.084,16.779
IMG_0227.CR2,53,3102.0,1771.8,5.993,6.011,16.779
IMG_0227.CR2,54,4924.2,1821.4,6.411,6.826,16.779
IMG_0227.CR2,55,1885.5,1884.3,3.549,3.676,16.779
IMG_0227.CR2,56,3042.4,1888.9,3.399,3.795,16.779
IMG_0227.CR2,57,2165.1,1874.1,6.26,6.506,16.779
IMG_0227.CR2,58,2577.7,1921.2,4.513,8.489,16.779
IMG_0227.CR2,59,1012.8,1956.5,4.469,4.469,16.779
IMG_0227.CR2,60,1264.7,1964.8,4.214,4.145,16.779
IMG_0227.CR2,61,1412.8,1974.1,4.325,4.4,16.779
IMG_0227.CR2,62,2455.4,1986.5,4.495,4.526,16.779
IMG_0227.CR2,63,5005.9,2018.9,4.292,4.376,16.779
IMG_0227.CR2,64,2169.4,2030.2,4.249,4.376,16.779
IMG_0227.CR2,65,1513.5,2075.6,3.938,4.038,16.779
IMG_0227.CR2,66,4532.5,2080.7,9.232,9.66,16.779
IMG_0227.CR2,67,1351.1,2126.0,7.624,9.809,16.779
IMG_0227.CR2,68,3613.5,2056.7,7.339,7.897,16.779
IMG_0227.CR2,69,3948.8,2067.0,4.384,4.618,16.779
IMG_0227.CR2,70,3770.7,2075.4,3.63,3.746,16.779
IMG_0227.CR2,71,4865.7,2099.7,3.693,3.776,16.779
IMG_0227.CR2,72,2284.0,2094.5,6.083,6.206,16.779
IMG_0227.CR2,73,4345.5,2116.2,9.58,11.735,16.779
IMG_0227.CR2,74,3687.3,2183.8,4.06,4.21,16.779
IMG_0227.CR2,75,2619.3,2184.2,4.954,5.033,16.779
IMG_0227.CR2,76,3978.3,2200.1,5.532,11.436,16.779
IMG_0227.CR2,77,1451.3,2236.1,4.758,4.849,16.779
IMG_0227.CR2,78,1058.0,2273.5,3.645,3.661,16.779
IMG_0227.CR2,79,2782.5,2275.0,4.042,4.08,16.779
IMG_0227.CR2,80,3565.3,2278.2,4.318,5.34,16.779
IMG_0227.CR2,81,2425.3,2271.2,7.104,7.099,16.779
IMG_0227.CR2,82,1985.7,2300.6,3.803,3.822,16.779
IMG_0227.CR2,83,2675.5,2309.2,4.526,5.109,16.779
IMG_0227.CR2,84,4154.0,2326.6,9.023,9.135,16.779
IMG_0227.CR2,85,3452.4,2333.0,6.55,6.68,16.779
IMG_0227.CR2,86,4320.2,2330.3,9.137,10.028,16.779
IMG_0227.CR2,87,4561.5,2319.9,9.637,12.214,16.779
IMG_0227.CR2,88,3896.9,2355.0,8.672,8.71,16.779
IMG_0227.CR2,89,1250.4,2359.3,4.407,4.39,16.779
IMG_0227.CR2,90,4046.2,2384.4,5.434,5.504,16.779
IMG_0227.CR2,91,1556.9,2384.2,7.976,9.656,16.779
IMG_0227.CR2,92,3702.4,2361.5,4.524,9.389,16.779
IMG_0227.CR2,93,2025.8,2425.3,3.492,3.486,16.779
IMG_0227.CR2,94,4799.2,2433.5,3.978,4.118,16.779
IMG_0227.CR2,95,2594.7,2482.0,7.878,8.275,16.779
IMG_0227.CR2,96,4178.9,2473.1,3.818,4.054,16.779
IMG_0227.CR2,97,3776.3,2487.3,3.81,3.812,16.779
IMG_0227.CR2,98,4545.1,2498.5,4.488,4.502,16.779
IMG_0227.CR2,99,4694.6,2553.5,6.608,8.84,16.779
IMG_0227.CR2,100,4066.6,2546.9,5.317,5.46,16.779
IMG_0227.CR2,101,3979.1,2505.9,4.546,4.658,16.779
IMG_0227.CR2,102,1550.1,2531.8,6.417,7.8,16.779
IMG_0227.CR2,103,2854.0,2557.8,7.297,8.382,16.779
IMG_0227.CR2,104,4184.6,2554.3,4.032,4.079,16.779
IMG_0227.CR2,105,1114.0,2561.6,4.425,4.41,16.779
IMG_0227.CR2,106,3681.3,2607.5,3.822,3.812,16.779
IMG_0227.CR2,107,3325.5,2612.1,8.036,8.214,16.779
IMG_0227.CR2,108,915.8,2625.4,8.349,8.344,16.779
IMG_0227.CR2,109,2617.5,2672.5,3.681,3.801,16.779
IMG_0227.CR2,110,2943.6,2683.8,3.406,3.484,16.779
IMG_0227.CR2,111,2788.9,2728.1,5.643,5.634,16.779
IMG_0227.CR2,112,4714.0,2781.9,7.872,7.848,16.779
IMG_0227.CR2,113,4332.8,2783.7,4.366,4.411,16.779
IMG_0227.CR2,114,2235.5,2799.9,4.446,4.625,16.779
IMG_0227.CR2,115,822.7,2816.3,3.075,3.047,16.779
IMG_0227.CR2,116,3432.9,2775.1,8.111,13.061,16.779
IMG_0227.CR2,117,2645.0,2826.6,5.979,7.15,16.779
IMG_0227.CR2,118,2811.0,2828.4,4.362,4.482,16.779
IMG_0227.CR2,119,2079.6,2832.0,4.159,4.165,16.779
IMG_0227.CR2,120,1983.3,2863.9,5.297,5.494,16.779
IMG_0227.CR2,121,1565.3,2860.1,3.4,3.384,16.779
IMG_0227.CR2,122,2433.5,2864.8,3.886,3.999,16.779
IMG_0227.CR2,123,1355.0,2883.9,5.221,5.221,16.779
IMG_0227.CR2,124,3806.6,2920.8,4.116,4.116,16.779
IMG_0227.CR2,125,2907.6,2937.0,8.095,8.413,16.779
IMG_0227.CR2,126,2606.3,2947.6,10.902,10.615,16.779
IMG_0227.CR2,127,2017.4,2981.4,3.81,3.85,16.779
IMG_0227.CR2,128,2413.8,2978.7,4.009,4.271,16.779
IMG_0227.CR2,129,2788.2,2978.7,7.37,7.648,16.779
IMG_0227.CR2,130,3133.4,2986.6,4.547,4.547,16.779
IMG_0227.CR2,131,2250.2,2974.4,2.982,7.0,16.779
IMG_0227.CR2,132,2177.4,3021.1,3.734,3.668,16.779
IMG_0227.CR2,133,2298.8,3075.7,4.823,4.937,16.779
IMG_0227.CR2,134,785.9,3074.3,3.49,3.584,16.779
IMG_0227.CR2,135,2801.1,3105.7,4.358,4.361,16.779
IMG_0227.CR2,136,2929.5,3117.2,3.266,3.356,16.779
IMG_0227.CR2,137,2150.7,3127.0,4.137,4.165,16.779
IMG_0227.CR2,138,3030.3,3145.5,3.857,4.01,16.779
IMG_0227.CR2,139,2650.4,3242.2,8.687,8.632,16.779
IMG_0229.CR2,1,2978.0,423.2,4.207,4.184,16.779
IMG_0229.CR2,2,4942.1,612.6,5.404,5.582,16.779
IMG_0229.CR2,3,5314.4,656.0,3.289,3.365,16.779
IMG_0229.CR2,4,2967.6,679.7,4.888,4.947,16.779
IMG_0229.CR2,5,5113.0,719.2,3.598,3.73,16.779
IMG_0229.CR2,6,4714.2,735.7,3.978,4.058,16.779
IMG_0229.CR2,7,2559.4,778.6,3.238,3.357,16.779
IMG_0229.CR2,8,2515.5,841.4,5.163,5.159,16.779
IMG_0229.CR2,9,4384.3,840.7,3.114,3.114,16.779
IMG_0229.CR2,10,2257.5,854.6,2.535,2.685,16.779
IMG_0229.CR2,11,4489.0,874.0,3.622,3.609,16.779
IMG_0229.CR2,12,2405.6,887.0,2.644,2.753,16.779
IMG_0229.CR2,13,4858.7,958.2,3.247,3.227,16.779
IMG_0229.CR2,14,3545.0,964.3,4.254,4.356,16.779
IMG_0229.CR2,15,2960.2,957.1,4.225,4.411,16.779
IMG_0229.CR2,16,5080.5,985.0,3.608,3.692,16.779
IMG_0229.CR2,17,3634.0,984.1,5.318,5.295,16.779
IMG_0229.CR2,18,2448.6,1016.3,3.874,4.355,16.779
IMG_0229.CR2,19,4480.3,1014.2,1.323,1.383,16.779
IMG_0229.CR2,20,4637.0,1032.8,4.19,4.485,16.779
IMG_0229.CR2,21,2772.0,1026.1,3.151,3.139,16.779
IMG_0229.CR2,22,4043.0,1069.5,2.044,2.257,16.779
IMG_0229.CR2,23,2375.0,1103.2,4.32,5.012,16.779
IMG_0229.CR2,24,3906.6,1104.3,4.947,4.963,16.779
IMG_0229.CR2,25,4289.9,1144.5,3.845,3.977,16.779
IMG_0229.CR2,26,4079.4,1168.7,4.096,4.169,16.779
IMG_0229.CR2,27,2230.1,1174.0,4.623,4.63,16.779
IMG_0229.CR2,28,3935.4,1205.9,3.787,3.707,16.779
IMG_0229.CR2,29,3375.2,1214.0,3.264,3.32,16.779
IMG_0229.CR2,30,2796.1,1202.8,4.051,4.174,16.779
IMG_0229.CR2,31,3623.5,1250.2,3.73,3.792,16.779
IMG_0229.CR2,32,2657.6,1288.0,8.565,8.583,16.779
IMG_0229.CR2,33,3502.3,1310.8,3.761,4.128,16.779
IMG_0229.CR2,34,2390.7,1345.7,4.283,4.302,16.779
IMG_0229.CR2,35,4042.0,1384.4,3.98,4.828,16.779
IMG_0229.CR2,36,2159.1,1378.1,4.02,4.007,16.779
IMG_0229.CR2,37,2846.3,1378.0,3.827,4.473,16.779
IMG_0229.CR2,38,3569.3,1393.7,3.892,4.113,16.779
IMG_0229.CR2,39,4857.9,1383.4,4.998,4.979,16.779
IMG_0229.CR2,40,2543.4,1439.9,4.298,4.298,16.779
IMG_0229.CR2,41,4431.5,1445.6,1.925,2.02,16.779
IMG_0229.CR2,42,3383.0,1473.3,6.69,6.885,16.779
IMG_0229.CR2,43,2678.7,1488.6,8.481,8.4,16.779
IMG_0229.CR2,44,4697.9,1505.0,3.576,3.516,16.779
IMG_0229.CR2,45,3559.1,1537.5,8.722,8.787,16.779
IMG_0229.CR2,46,3866.2,1565.4,4.22,4.256,16.779
IMG_0229.CR2,47,3372.2,1570.0,4.792,5.519,16.779
IMG_0229.CR2,48,4256.4,1551.7,3.585,3.64,16.779
IMG_0229.CR2,49,1323.2,1574.0,3.824,3.831,16.779
IMG_0229.CR2,50,4547.5,1592.4,4.95,6.26,16.779
IMG_0229.CR2,51,1760.6,1597.3,3.124,3.182,16.779
IMG_0229.CR2,52,2508.2,1580.7,3.153,3.711,16.779
IMG_0229.CR2,53,1977.2,1618.3,3.952,3.952,16.779
IMG_0229.CR2,54,3430.6,1637.2,4.253,4.343,16.779
IMG_0229.CR2,55,4869.0,1693.0,4.953,4.921,16.779
IMG_0229.CR2,56,843.2,1702.6,4.446,4.696,16.779
IMG_0229.CR2,57,2336.1,1688.8,7.316,11.453,16.779
IMG_0229.CR2,58,2913.1,1727.2,4.113,4.164,16.779
IMG_0229.CR2,59,2749.1,1736.8,3.953,3.924,16.779
IMG_0229.CR2,60,5161.8,1788.7,3.941,4.114,16.779
IMG_0229.CR2,61,4030.9,1800.7,3.875,3.891,16.779
IMG_0229.CR2,62,2017.1,1808.3,3.856,3.882,16.779
IMG_0229.CR2,63,1825.2,1827.6,5.355,5.402,16.779
IMG_0229.CR2,64,2442.2,1812.0,3.805,4.371,16.779
IMG_0229.CR2,65,2449.9,1904.0,3.747,4.148,16.779
IMG_0229.CR2,66,3658.2,1906.2,4.257,4.518,16.779
IMG_0229.CR2,67,2264.0,1933.3,3.475,3.863,16.779
IMG_0229.CR2,68,3940.3,1947.2,3.554,5.354,16.779
IMG_0229.CR2,69,1503.1,1928.3,3.913,4.321,16.779
IMG_0229.CR2,70,1805.5,1957.7,3.391,3.338,16.779
IMG_0229.CR2,71,4315.8,2010.1,3.963,4.037,16.779
IMG_0229.CR2,72,3146.2,2018.7,3.2,5.028,16.779
IMG_0229.CR2,73,3342.3,2028.1,7.021,7.01,16.779
IMG_0229.CR2,74,1304.0,2074.0,7.557,8.022,16.779
IMG_0229.CR2,75,2472.6,2059.1,7.391,7.912,16.779
IMG_0229.CR2,76,1849.9,2059.1,3.919,3.912,16.779
IMG_0229.CR2,77,3809.0,2063.5,4.106,4.19,16.779
IMG_0229.CR2,78,2763.4,2055.4,3.818,3.891,16.779
IMG_0229.CR2,79,4427.0,2160.4,10.311,13.827,16.779
IMG_0229.CR2,80,3252.1,2143.8,4.598,4.65,16.779
IMG_0229.CR2,81,1430.8,2151.2,3.81,3.792,16.779
IMG_0229.CR2,82,4889.2,2188.4,4.775,4.943,16.779
IMG_0229.CR2,83,2860.9,2208.2,3.668,3.749,16.779
IMG_0229.CR2,84,3534.0,2186.6,3.822,4.251,16.779
IMG_0229.CR2,85,2603.0,2225.0,4.404,4.4,16.779
IMG_0229.CR2,86,975.4,2231.2,3.876,4.006,16.779
IMG_0229.CR2,87,3300.6,2245.6,3.211,4.046,16.779
IMG_0229.CR2,88,1311.4,2267.6,4.055,4.577,16.779
IMG_0229.CR2,89,3426.0,2314.6,9.86,11.728,16.779
IMG_0229.CR2,90,3875.3,2254.9,4.161,4.145,16.779
IMG_0229.CR2,91,1164.2,2278.5,2.943,3.039,16.779
IMG_0229.CR2,92,4682.4,2314.6,3.975,4.111,16.779
IMG_0229.CR2,93,2349.5,2316.4,3.369,3.347,16.779
IMG_0229.CR2,94,2723.8,2308.9,3.84,4.031,16.779
IMG_0229.CR2,95,1612.5,2328.4,4.209,4.186,16.779
IMG_0229.CR2,96,4035.7,2346.7,3.81,3.999,16.779
IMG_0229.CR2,97,674.0,2366.0,3.617,4.326,16.779
IMG_0229.CR2,98,2030.9,2376.7,3.636,4.106,16.779
IMG_0229.CR2,99,3806.4,2367.6,4.583,8.361,16.779
IMG_0229.CR2,100,2691.7,2411.3,3.847,6.568,16.779
IMG_0229.CR2,101,1814.9,2376.9,6.526,7.272,16.779
IMG_0229.CR2,102,785.5,2387.3,4.475,4.526,16.779
IMG_0229.CR2,103,1420.4,2413.7,3.579,3.565,16.779
IMG_0229.CR2,104,4248.9,2487.8,3.823,3.92,16.779
IMG_0229.CR2,105,2307.7,2508.2,3.736,6.093,16.779
IMG_0229.CR2,106,2827.9,2563.5,3.466,3.636,16.779
IMG_0229.CR2,107,4518.0,2573.1,3.896,3.937,16.779
IMG_0229.CR2,108,768.7,2587.6,7.941,8.151,16.779
IMG_0229.CR2,109,3358.5,2626.6,3.616,3.654,16.779
IMG_0229.CR2,110,3258.6,2629.8,4.675,5.086,16.779
IMG_0229.CR2,111,3876.8,2666.8,3.686,3.895,16.779
IMG_0229.CR2,112,4499.1,2697.5,4.398,4.371,16.779
IMG_0229.CR2,113,2499.9,2715.7,4.772,4.83,16.779
IMG_0229.CR2,114,2248.6,2740.7,4.25,4.274,16.779
IMG_0229.CR2,115,3121.9,2749.6,8.656,8.642,16.779
IMG_0229.CR2,116,1818.0,2766.6,4.72,4.704,16.779
IMG_0229.CR2,117,3258.0,2801.1,4.225,5.582,16.779
IMG_0229.CR2,118,2875.6,2796.3,3.546,3.515,16.779
IMG_0229.CR2,119,1067.8,2797.7,6.743,7.082,16.779
IMG_0229.CR2,120,3767.6,2842.2,5.783,8.606,16.779
IMG_0229.CR2,121,1337.4,2863.2,3.279,3.486,16.779
IMG_0229.CR2,122,2208.1,2895.0,4.192,4.223,16.779
IMG_0229.CR2,123,2634.8,2929.6,3.827,3.816,16.779
IMG_0229.CR2,124,1661.6,2956.7,3.396,9.11,16.779
IMG_0229.CR2,125,3192.4,2999.5,4.47,4.53,16.779
IMG_0229.CR2,126,1902.7,3052.6,4.192,4.271,16.779
IMG_0229.CR2,127,3010.3,3062.8,1.797,1.775,16.779
IMG_0229.CR2,128,1054.7,3081.9,3.609,3.624,16.779
IMG_0229.CR2,129,2819.2,3134.6,3.949,4.382,16.779
IMG_0229.CR2,130,2164.8,3193.6,3.351,3.32,16.779
IMG_0229.CR2,131,2898.8,3209.8,1.258,1.435,16.779
IMG_0229.CR2,132,2995.2,3266.3,6.93,7.818,16.779
IMG_0229.CR2,133,2898.8,3313.5,4.677,5.107,16.779
IMG_0229.CR2,134,2018.0,3381.3,4.165,4.158,16.779
