image,area,x,y
IMG_0225.CR2,0,3736.241071428573,3509.3660714285716
IMG_0225.CR2,0,3762.312500000001,3004.2321428571427
IMG_0225.CR2,0,5095.214285714286,3079.1875
IMG_0225.CR2,0,5183.205357142858,1733.2499999999995
IMG_0225.CR2,0,5685.080357142858,1762.5803571428569
IMG_0225.CR2,0,5597.089285714287,3600.616071428571
IMG_0225.CR2,1,1067.1785714285716,1466.0178571428569
IMG_0225.CR2,1,2123.071428571429,1554.0089285714284
IMG_0225.CR2,1,2237.133928571429,318.875
IMG_0225.CR2,1,1223.6071428571431,217.84821428571377
IMG_0227.CR2,0,3814.455357142858,3610.392857142857
IMG_0227.CR2,0,3827.4910714285725,3102.0
IMG_0227.CR2,0,5170.169642857144,3154.142857142857
IMG_0227.CR2,0,5225.571428571429,1808.2053571428569
IMG_0227.CR2,0,5733.964285714287,1831.0178571428569
IMG_0227.CR2,0,5668.785714285716,3678.830357142857
IMG_0227.CR2,1,1797.1785714285716,1492.0892857142853
IMG_0227.CR2,1,711.9553571428571,1527.9374999999995
IMG_0227.CR2,1,728.25,276.50892857142844
IMG_0227.CR2,1,1745.0357142857147,263.47321428571377
IMG_0229.CR2,0,3684.0982142857147,3698.3839285714284
IMG_0229.CR2,0,3697.1339285714294,3193.25
IMG_0229.CR2,0,5043.071428571429,3212.8035714285716
IMG_0229.CR2,0,5065.883928571429,1860.3482142857142
IMG_0229.CR2,0,5574.276785714287,1883.1607142857142
IMG_0229.CR2,0,5551.464285714287,3711.4196428571427
IMG_0229.CR2,1,855.3482142857144,1531.1964285714284
IMG_0229.CR2,1,1924.2767857142862,1540.9732142857138
IMG_0229.CR2,1,1927.5357142857147,286.28571428571377
IMG_0229.CR2,1,914.0089285714287,279.7678571428569
